group_by,group,n_cities,built_share_mean,built_share_sd,built_share_min,built_share_p10,built_share_p25,built_share_median,built_share_p75,built_share_p90,built_share_max,built_share_pooled,built_nonbuilt_ratio_median,built_nonbuilt_ratio_pooled,built_km2_total,nonbuilt_km2_total
all,All cities,11422,0.3026507537567676,0.13000987275991638,0,0.11836510000000004,0.21364300000000003,0.3121875,0.3978225,0.46661179999999997,0.665928,0.33565602886921425,0.453884,0.5052443364510252,217348.29203066393,430184.5193503364
region,North America,578,0.398916415916955,0.08037279002399725,0.0949804,0.2992365,0.34592625,0.395295,0.45579299999999995,0.50979,0.587775,0.4244521658320898,0.653699,0.7374750466149085,34207.33621,46384.39818000003
region,South America,819,0.3708891763125763,0.08999440941327229,0.00252597,0.25390999999999997,0.311894,0.37775,0.434171,0.48075039999999997,0.580164,0.40189815398848105,0.607072,0.6719560500750235,18344.5757495,27300.261300499995
region,Europe,1263,0.34502919469517024,0.08127161873315344,0.0137724,0.244653,0.298689,0.346538,0.3968415,0.43945100000000004,0.640087,0.3483485384956811,0.53031,0.5345626597560716,25994.250631700037,48627.13501829996
region,Africa,2157,0.32415710683356513,0.11153830355561609,0.00325897,0.1806954,0.242328,0.326296,0.405973,0.46811080000000005,0.655362,0.3799259743837988,0.484332,0.6127106743525433,31701.78681359998,51740.22281739996
region,Asia,6388,0.27042762942388854,0.140284597545667,0,0.07521240000000001,0.16212025000000002,0.266701,0.37509675,0.4641225,0.665928,0.29303063663689555,0.363701,0.4144884514414152,101748.78429566401,245480.3841743355
region,Australasia,44,0.35813581818181817,0.06746915730884871,0.216978,0.2757311,0.30521825,0.3594525,0.39309350000000004,0.43990150000000006,0.489245,0.3731617671977851,0.5612135,0.5953079242304737,2945.445200000001,4947.767500000001
region,Small Islands,173,0.2561650896531792,0.10958343113359702,0.00434851,0.1131384,0.167649,0.26640200000000003,0.333629,0.40125600000000006,0.459594,0.2966677715973539,0.363145,0.4218031815080093,2406.113130199998,5704.350359800002
type,Type 1,4866,0.23538744806000816,0.1204045241381746,0.00363459,0.06897030000000001,0.14805675,0.231379,0.31433425,0.397206,0.655362,0.22062272131433464,0.301031,0.28307563916462963,30516.72106190009,107804.12313809998
type,Type 2,3280,0.3609505456097561,0.11133953651486511,0.0109542,0.20847760000000004,0.29134275,0.37251,0.4419995,0.4937786,0.665928,0.37939608838165445,0.593651,0.6113337046044457,43351.24317600011,70912.5684539999
type,Type 3,2029,0.37393963637259736,0.087348916918374,0.0726799,0.2690946,0.316561,0.368806,0.427779,0.48915620000000004,0.645988,0.3848248703052473,0.584298,0.6255533615219382,59576.14680800012,95237.51365200007
type,Type 4,117,0.2999559424273504,0.16282853763870248,4.88704e-4,0.03743496000000002,0.18103,0.327323,0.419997,0.495296,0.584821,0.3559801726239355,0.486599,0.5527472253056376,38696.904935410006,70008.32055559
type,Mixed,1130,0.29534993812902655,0.1323686449438417,0,0.11652310000000002,0.20868050000000002,0.30647599999999997,0.38546375,0.4611485,0.645591,0.34396657751306553,0.441911,0.5243125818333074,45207.27604935399,86221.993550646
